Autonomous communities,Year,GDP,Population,GDP per capita,Domestic Waste and Wheelie Bins -C,Bulk -C,Metallics waste-C,Waste Glass-C,Waste Paper and Cardboard-C,Plastics-C,Waste Wood-C,Textile waste-C,Electrical waste-C,Battery-C,Animal-C,Mixed packaging-C,Sludge-C,Construction-C,Others-C,Total mixed waste-C,Total separately waste-C (tn),Total Waste-C,Recycling collection-D,Mixed Recovered Mater-D,Composting/anaerobic digestion FORS-D,Composting/anaerobic digestion-D,Incinerated-D,Landfill of rejects,Landfill without pre-treatment-D,Total Waste disposal (tn)-D,Total(tons/day),Per Capita(kg/capita/day),Processed_waste,Not Processed_waste
ANDALUCÍA,2010,144752225,8370975,17292.16,4213174,155836,11203,82031,136017,28898,13528,659,25185,305,91419,133157,18992,56816,7729,4369010,605939,4974949,362002.125,146473.125,37339.1875,625062.6875,0.0,2308242.875,486450.6875,3965570.6875,13630.0,0.59,1170877.12,2794693.56
ANDALUCÍA,2016,148405362,8388107,17692.35,3545590,361986,4425,99622,101816,727,8619,3301,4264,149,89603,81932,0,61285,32272,3907576,488015,4395591,412.818,166.217,45.572,685.734,0.0,2404796.0,59965.0,4314787.0,12042.72,0.52,1850026.0,2464761.0
ANDALUCÍA,2012,138007226,8449985,16332.25,4134974,99589,7185,76114,111678,10852,16997,2259,3014,129,94194,131749,12325,102004,6351,4234563,574851,4809414,357865.5,144930.5,37219.75,620111.75,0.0,2314553.5,479534.75,3954215.75,13176.48,0.57,1160127.5,2794088.25
ANDALUCÍA,2017,155371755,8379820,18541.18,3493910,380959,4627,91570,102877,1421,13969,3392,4349,118,92046,85646,0,110367,146,3874869,510528,4385397,386538.0,135538.0,37991.0,700793.0,0.0,2172227.0,588749.0,4021836.0,12014.79,0.52,1260860.0,2760976.0
ANDALUCÍA,2014,137722026,8402305,16390.98,3437380,252293,4321,82208,95866,2361,10070,2981,3006,132,99030,76354,0,104686,553,3689673,481568,4171241,341319.0,138760.0,36742.0,600308.0,0.0,2339796.0,451871.0,3908796.0,11428.06,0.5,1117129.0,2791667.0
ANDALUCÍA,2013,136048003,8440300,16118.86,3825590,181998,5361,79001,100864,809,12611,8134,2366,134,96069,77415,0,121090,51452,4007588,555306,4562894,374412.0,151101.0,37697.5,639915.5,0.0,2289311.0,507198.5,3999635.5,12501.08,0.54,1203126.0,2796509.5
ANDALUCÍA,2011,143389086,8424102,17021.29,3796057,152281,8370,74820,118200,13063,9155,2267,3054,148,105106,136141,12181,141142,724,3948338,624371,4572709,366138.75,148015.75,37458.625,630013.625,0.0,2301932.25,493366.625,3976925.625,12527.97,0.54,1181626.75,2795298.88
ANDALUCÍA,2015,144745569,8399043,17233.58,3479079,255581,4324,95057,100815,2363,10079,2945,3657,161,98345,80176,0,104780,554,3734660,503256,4237916,407505.0,163442.0,38653.0,679523.0,0.0,2238826.0,562526.0,4090475.0,11610.73,0.5,1289123.0,2801352.0
ANDALUCÍA,2018,160711363,8384408,19167.88,3755593,153300,1600,108768,117131,1677,12520,3269,5036,108,92395,94281,0,81204,374,3908893,518363,4427256,412818.0,166217.0,45572.0,685734.0,0.0,2404796.0,599650.0,4314787.0,12129.47,0.53,1310341.0,3004446.0
ARAGÓN,2012,31963049,1349467,23685.68,459778,4391,977,23905,25516,1733,10755,18,1321,56,4503,14095,59,30534,64,464169,113536,577705,71837.25,14039.25,0.0,66158.0,0.0,165098.75,211552.75,528685.25,1582.75,0.43,152033.75,376651.5
ARAGÓN,2017,35638352,1308750,27230.83,470023,3391,220,18197,26725,0,4645,581,1295,46,1539,16236,0,36838,3,473414,106325,579739,80778.0,10387.0,107.0,75285.0,0.0,165486.0,225594.0,557637.0,1588.33,0.44,166557.0,391080.0
ARAGÓN,2011,33368344,1346293,24785.35,487574,4693,1011,23203,31964,1601,10016,142,1382,61,4515,13781,34,29211,65,492267,116986,609253,72796.375,13494.875,0.0,65801.5,0.0,167626.625,211820.125,531538.875,1669.19,0.45,152092.12,379446.75
ARAGÓN,2016,34214691,1308563,26146.77,454709,3907,327,17778,25012,43,1230,11,796,57,7480,15838,0,1852,0,458616,70424,529040,82.418,10.209,212.0,79.834,0.0,172831.0,226741.0,572245.0,1449.42,0.4,172673.0,399572.0
ARAGÓN,2015,32876311,1317847,24946.99,449639,8087,346,17676,22445,13,679,591,1035,5,16095,16343,0,32571,23,457726,107822,565548,77592.0,10773.0,0.0,64019.0,0.0,180266.0,213157.0,545807.0,1549.45,0.43,152384.0,393423.0
ARAGÓN,2018,36850296,1308728,28157.34,475448,24205,324,18939,28910,251,3276,571,1226,12,8503,19142,0,69649,2,499653,150805,650458,82418.0,10209.0,212000.0,79834.0,0.0,172831.0,226741.0,572245.0,1782.08,0.5,172673.0,399572.0
ARAGÓN,2010,33828995,1347095,25112.55,479442,14003,1105,23203,31964,5668,3374,20,1209,68,4952,12360,0,1547,23324,493445,108794,602239,72316.8125,13767.0625,0.0,65979.75,0.0,166362.6875,211686.4375,530112.0625,1649.97,0.45,152062.94,378049.12
ARAGÓN,2014,32289054,1325385,24362.02,444074,8027,348,16668,22514,13,682,592,856,4,3996,14560,0,32734,23,452101,92990,545091,69919.0,15128.0,0.0,66871.0,0.0,160043.0,211018.0,522978.0,1493.4,0.41,151917.0,371061.0
ARAGÓN,2013,32082809,1347150,23815.32,440763,10902,362,19478,26566,0,880,68,1051,10,4978,13765,0,29556,12,451665,96726,548391,73755.5,12950.5,0.0,65445.0,0.0,170154.5,212087.5,534392.5,1502.44,0.41,152150.5,382242.0
CANARIAS,2013,39032454,2118679,18423.01,1052980,19188,253,29363,30624,1,718,10,819,21,41310,15880,0,8872,4782,1072168,132653,1204821,112319.0,27429.0,2019.5,69300.0,0.0,476847.0,527601.0,1215515.5,3300.88,0.57,211067.5,1004448.0
CANARIAS,2010,40811481,2118519,19264.16,1220612,30371,1953,27221,69027,7952,2601,141,1826,61,13089,19801,8258,25407,11662,1250983,188999,1439982,107615.75,23783.25,1877.9375,64472.625,0.0,434767.875,577822.875,1210340.3125,3945.16,0.68,197749.56,1012590.75
CANARIAS,2012,39204779,2118344,18507.28,1134763,27410,1012,29126,33507,6497,3484,401,1935,55,26477,15333,5798,20521,3912,1162173,148058,1310231,106048.0,22568.0,1830.75,62863.5,0.0,420741.5,594563.5,1208615.25,3589.67,0.62,193310.25,1015305.0
CANARIAS,2016,42013704,2101924,19988.21,1073045,23555,1096,35939,33094,4549,774,1078,5182,48,19956,18950,0,24239,3597,1096600,148502,1245102,140.174,58.936,1.248,176.59,0.0,820742.0,113704.0,1311394.0,3411.24,0.59,376948.0,934446.0
CANARIAS,2017,44205400,2108121,20969.1,1123413,22064,1334,38888,31954,76,1606,1045,4541,209,21812,20067,0,28244,216,1145477,149992,1295469,133053.0,55610.0,1970.0,197289.0,0.0,716994.0,186790.0,1291705.0,3549.23,0.61,387921.0,903784.0
CANARIAS,2014,39266705,2104815,18655.66,1090966,36599,520,31163,30659,31,681,460,2308,676,38799,16225,0,9568,1063,1127565,132153,1259718,99777.0,17707.0,1642.0,56427.0,0.0,364636.0,661526.0,1201715.0,3451.28,0.6,175553.0,1026162.0
CANARIAS,2015,40566240,2100306,19314.44,1108156,36822,515,33225,31543,31,675,474,2779,814,21541,16990,0,9477,1053,1144978,119117,1264095,124861.0,37151.0,2397.0,82173.0,0.0,589058.0,393676.0,1229316.0,3463.27,0.6,246582.0,982734.0
CANARIAS,2018,45823321,2127685,21536.7,1128714,25440,2305,41243,40485,5,1649,142,5969,385,27922,22676,0,34114,138,1154154,177033,1331187,140174.0,58936.0,1248.0,176590.0,0.0,820742.0,113704.0,1311394.0,3647.09,0.63,376948.0,934446.0
CANARIAS,2011,40595330,2126769,19087.79,1151544,29880,1529,29040,34043,6878,4734,373,1908,28,78136,14770,7073,24592,4367,1181424,207471,1388895,109183.5,24998.5,1925.125,66081.75,0.0,448794.25,561082.25,1212065.375,3805.19,0.65,202188.88,1009876.5
CANTABRIA,2014,12057567,588656,20483.21,235816,19632,310,10237,9878,0,0,779,501,61,1418,5097,0,18740,90,255448,47111,302559,35995.0,14570.0,0.0,49451.0,120766.0,36282.0,17056.0,274120.0,828.93,0.51,220782.0,53338.0
CANTABRIA,2012,12167280,593861,20488.43,246177,17002,444,10281,12048,2146,1275,230,624,97,3040,5082,0,21657,779,263179,57703,320882,35180.75,14187.25,0.0,49946.5,119962.75,38229.5,17939.75,275446.5,879.13,0.54,219277.25,56169.25
CANTABRIA,2013,11864241,591888,20044.74,236156,17504,293,10386,10335,0,0,673,431,58,9301,5078,0,17138,589,253660,54282,307942,34366.5,13804.5,0.0,50442.0,119159.5,40177.0,18823.5,276773.0,843.68,0.52,217772.5,59000.5
CANTABRIA,2015,12325933,585179,21063.53,240609,19841,307,10999,9640,0,0,782,603,73,4034,5277,0,18562,89,260450,50366,310816,32738.0,13039.0,0.0,51433.0,117553.0,44072.0,20591.0,279426.0,851.55,0.53,214763.0,64663.0
CANTABRIA,2016,12736089,582206,21875.57,241085,23004,421,11212,5050,0,1536,1207,738,45,3079,5495,0,20053,2,264089,48838,312927,38.043,14.533,0.0,31.386,118.759,67971.0,21733.0,292425.0,857.33,0.54,202721.0,89704.0
CANTABRIA,2010,12836685,592250,21674.44,259965,8153,1005,10547,13826,2804,3883,206,1214,74,14755,5046,0,33946,860,268118,88166,356284,34977.1875,14091.5625,0.0,50070.375,119761.9375,38716.375,18160.6875,275778.125,976.12,0.6,218901.06,56877.06
CANTABRIA,2018,13737756,580229,23676.44,246839,23336,484,11261,10381,0,1813,1401,913,46,4400,6288,0,21622,84,270175,58693,328868,38043.0,14533.0,0.0,31386.0,118759.0,67971.0,21733.0,292425.0,901.01,0.57,202721.0,89704.0
CANTABRIA,2017,13226038,580295,22791.92,240509,21135,418,10980,4053,0,1958,1312,843,41,3035,5748,0,20774,71,261644,49233,310877,30843.0,12499.0,0.0,54241.0,118263.0,43530.0,18114.0,277491.0,851.72,0.54,215847.0,61644.0
CANTABRIA,2011,12622706,593121,21281.84,259307,14905,454,10432,13417,4530,4083,231,490,57,7170,5052,0,21573,262,274212,67751,341963,34773.625,13995.875,0.0,50194.25,119561.125,39203.25,18381.625,276109.75,936.88,0.58,218524.88,57584.88
CASTILLA - LA MANCHA,2017,39891219,2031479,19636.54,802570,29996,399,21371,31374,11519,6475,1732,4856,51,3131,19696,0,4874,26,832566,105504,938070,104393.0,39527.0,0.0,221085.0,0.0,466050.0,88614.0,919669.0,2570.05,0.46,365005.0,554664.0
CASTILLA - LA MANCHA,2018,41521223,2026807,20486.03,849572,9959,531,21350,28067,12199,5579,2972,2604,86,3967,22352,0,8013,27,859531,107747,967278,92194.0,34122.0,0.0,245494.0,0.0,523249.0,62220.0,957279.0,2650.08,0.48,371810.0,585469.0
CASTILLA - LA MANCHA,2010,38706827,2098373,18446.11,968613,31588,11221,20887,36202,8860,1113,224,1332,234,0,17258,83,31723,1525,1000201,130662,1130863,88149.5,31902.6875,0.0,175882.6875,0.0,408784.5625,171739.4375,876459.5625,3098.25,0.54,295935.56,580524.0
CASTILLA - LA MANCHA,2014,35353236,2078611,17008.11,770997,38474,358,20690,26218,309,1400,809,3121,219,0,17502,0,4754,745,809471,76125,885596,84847.0,29143.0,0.0,175318.0,0.0,399668.0,176256.0,865233.0,2426.29,0.43,289309.0,575924.0
CASTILLA - LA MANCHA,2012,36890198,2121888,17385.55,826883,13005,385,21061,28472,4911,783,634,1664,51,0,17595,7,4835,73,839888,80471,920359,87489.0,31350.75,0.0,175769.75,0.0,406961.25,172642.75,874214.25,2521.53,0.43,294610.25,579604.0
CASTILLA - LA MANCHA,2013,36153041,2100998,17207.56,777284,29375,317,21040,26351,0,6615,926,2957,2760,432,17679,0,4121,13877,806659,97075,903734,90131.0,33558.5,0.0,176221.5,0.0,414254.5,169029.5,883195.5,2475.98,0.43,299911.5,583284.0
CASTILLA - LA MANCHA,2011,38258606,2115334,18086.32,1010610,11306,2787,21268,30697,9971,4217,142,1496,140,0,17802,145,7298,1103,1021916,97066,1118982,88810.0,32454.625,0.0,175995.625,0.0,410607.875,170836.125,878704.875,3065.7,0.53,297260.88,581444.0
CASTILLA - LA MANCHA,2016,38315029,2041631,18766.87,794580,86875,290,20555,26665,9947,4535,1901,1887,87,1331,18780,0,3439,28,881455,89445,970900,92.194,34.122,0.0,245.494,0.0,523249.0,6222.0,957279.0,2660.0,0.48,427808.0,529471.0
CASTILLA - LA MANCHA,2015,37113609,2059191,18023.39,822222,40640,354,20630,24356,307,1387,813,3757,264,0,18582,0,4709,738,862862,75897,938759,95415.0,37974.0,0.0,177125.0,0.0,428841.0,161803.0,901158.0,2571.94,0.46,310514.0,590644.0
CASTILLA Y LEÓN,2011,54575008,2558463,21331.17,973608,23539,1378,41676,55753,7349,297,78,1334,173,4296,20985,4757,113127,587,997147,251790,1248937,146401.75,34356.75,0.0,207471.875,0.0,685560.25,2360.0,1076150.625,3421.75,0.49,388230.38,687920.25
CASTILLA Y LEÓN,2010,54970431,2559515,21476.89,887984,33977,1108,42714,56725,7868,2052,56,4161,344,8652,19894,6098,108792,1789,921961,260253,1182214,145514.125,34435.625,0.0,207997.5625,0.0,685415.875,2470.0,1075833.1875,3238.94,0.46,387947.31,687885.88
CASTILLA Y LEÓN,2012,52868471,2546078,20764.67,923318,12644,372,40774,49338,8357,764,34,1565,151,6701,20915,5314,64644,282,935962,199211,1135173,144626.5,34514.5,0.0,208523.25,0.0,685271.5,2580.0,1075515.75,3110.06,0.45,387664.25,687851.5
CASTILLA Y LEÓN,2018,58477225,2409164,24272.83,915396,17151,816,49557,43700,940,2941,2547,4897,234,6472,26313,0,14229,371,932547,153017,1085564,151641.0,32816.0,233000.0,180466.0,0.0,712931.0,9519.0,1087606.0,2974.15,0.45,365156.0,722450.0
CASTILLA Y LEÓN,2014,51539425,2494790,20658.82,916318,13139,1005,40857,43432,325,1629,504,7910,182,6197,20882,0,11102,1991,929457,136016,1065473,141076.0,34830.0,0.0,210626.0,0.0,684694.0,3020.0,1074246.0,2919.1,0.43,386532.0,687714.0
CASTILLA Y LEÓN,2015,53238351,2472052,21536.1,918192,13041,996,40826,43442,322,1613,530,9521,219,4808,21066,0,10996,1972,931233,136311,1067544,155278.0,33568.0,0.0,202215.0,0.0,687004.0,1260.0,1079325.0,2924.78,0.43,391061.0,688264.0
CASTILLA Y LEÓN,2013,51504174,2519875,20439.18,838782,14062,314,40280,45036,175,891,466,918,218,6993,18008,0,7912,44822,852844,166033,1018877,148177.0,34199.0,0.0,206420.5,0.0,685849.0,2140.0,1076785.5,2791.44,0.4,388796.5,687989.0
CASTILLA Y LEÓN,2017,56051831,2425801,23106.52,898486,28717,596,48353,45179,447,3014,1573,2854,178,4204,23634,0,17755,455,927203,148242,1075445,160944.0,34861.0,0.0,194212.0,0.0,686829.0,72.0,1076917.0,2946.42,0.44,390016.0,686901.0
CASTILLA Y LEÓN,2016,54767172,2447519,22376.61,906336,11829,926,44175,44676,858,1263,1371,7065,342,5235,22562,0,18309,1,918165,146783,1064948,151.641,32.816,233.0,180.466,0.0,712931.0,9519.0,1087606.0,2917.67,0.44,365156.0,722450.0
CATALUÑA,2016,212703912,7522596,28275.33,2276881,163348,4091,170831,273028,910,20015,2771,4581,257,449152,130925,0,42330,158,2440229,1099049,3539278,678.878,206.755,302.759,541.664,640.652,653551.0,417697.0,3441955.0,9696.65,0.47,2370707.0,1071248.0
CATALUÑA,2013,192006545,7553650,25419.04,2495715,86516,4423,154732,262428,1975,14566,2746,8254,367,428508,124407,0,45725,3109,2582231,1051240,3633471,753545.0,122342.0,351065.0,428507.0,673419.0,587483.5,686836.5,3603197.5,9954.72,0.48,2328877.5,1274320.0
CATALUÑA,2015,204355232,7508106,27217.95,2283180,94157,4885,158878,298134,2964,35209,2693,6361,857,430929,129526,0,87722,19663,2377337,1177821,3555158,811069.0,141528.0,338584.0,550009.0,638502.0,505202.0,576972.0,3561865.0,9740.16,0.47,2479691.0,1082174.0
CATALUÑA,2018,229345722,7600065,30176.81,2216496,117245,7293,168197,224596,2086,20624,8361,5659,374,472450,158751,0,68847,215,2333741,1137453,3471194,678878.0,206755.0,302759.0,541664.0,640652.0,653551.0,417697.0,3441955.0,9510.12,0.46,2370707.0,1071248.0
CATALUÑA,2017,221476488,7555830,29312.0,2350780,105836,7023,182760,296067,2175,71541,6822,6729,393,465230,141409,0,102248,355,2456616,1282752,3739368,877728.0,138251.0,336438.0,667771.0,668133.0,534832.0,486352.0,3709505.0,10244.84,0.49,2688321.0,1021184.0
CATALUÑA,2014,195370105,7518903,25983.86,2402829,100042,4932,162447,271427,2993,35547,2676,5284,712,421902,120590,0,88563,19852,2502871,1136925,3639796,696021.0,103156.0,363546.0,307005.0,708336.0,669765.0,796701.0,3644530.0,9972.04,0.48,2178064.0,1466466.0
CATALUÑA,2011,198906023,7539618,26381.45,2570746,55438,3363,180729,408518,19847,30885,967,2801,137,462395,127713,6012,56681,623,2626184,1300671,3926855,739164.0,117545.5,354185.25,398131.5,682148.25,608053.875,714302.625,3613530.625,10758.51,0.52,2291174.12,1322356.5
CATALUÑA,2012,193449278,7570908,25551.66,2334367,83700,6420,169191,318118,37467,44513,1896,4387,335,413249,129674,726,76102,10537,2418067,1212615,3630682,724783.0,112749.0,357305.5,367756.0,690877.5,628624.25,741768.75,3623863.75,9947.07,0.48,2253470.75,1370393.0
CATALUÑA,2010,201705890,7512381,26849.8,2441711,77627,13187,186378,453952,30305,114476,314,3873,159,480290,124162,5807,43799,22793,2519338,1479495,3998833,731973.5,115147.25,355745.375,382943.75,686512.875,618339.0625,728035.6875,3618697.1875,10955.71,0.53,2272322.44,1346374.75
COMUNIDAD DE MADRID,2013,192620202,6495551,29654.17,1897284,51035,3515,78640,94388,3143,10453,433,1415,153,62314,121537,0,14498,509,1948319,390998,2339317,319314.5,44861.0,17690.0,34376.0,398939.0,582016.5,1036101.5,2433298.5,6409.09,0.36,815180.5,1618118.0
COMUNIDAD DE MADRID,2014,194960214,6454440,30205.6,1977666,51997,1571,78005,89463,376,5647,651,8311,137,51197,122723,0,17240,0,2029663,375321,2404984,309128.0,45437.0,13232.0,43405.0,349946.0,622428.0,1000357.0,2383933.0,6589.0,0.37,761148.0,1622785.0
COMUNIDAD DE MADRID,2017,222027547,6507184,34120.37,2159053,44938,663,89184,99641,2879,12263,1260,2512,147,54526,140324,0,15965,160,2203991,419524,2623515,358196.0,42946.0,17995.0,28537.0,655762.0,492036.0,1063770.0,2659241.0,7187.71,0.4,1103435.0,1555806.0
COMUNIDAD DE MADRID,2015,204244524,6436996,31729.79,1929269,50243,1556,78430,86451,372,5594,608,10004,164,25557,123505,0,17076,0,1979512,349317,2328829,329501.0,44285.0,22148.0,25347.0,447932.0,541605.0,1071846.0,2482664.0,6380.35,0.36,869213.0,1613451.0
COMUNIDAD DE MADRID,2012,195026853,6498560,30010.78,1947739,51972,11088,80620,114410,3630,8805,871,1951,320,49629,131049,0,13448,865,1999711,416686,2416397,314221.25,45149.0,15461.0,38890.5,374442.5,602222.25,1018229.25,2408615.75,6620.27,0.37,788164.25,1620451.5
COMUNIDAD DE MADRID,2016,211672686,6466996,32731.22,2017961,59683,522,81820,88078,480,7487,1129,2229,148,59119,128170,0,25022,108,2077644,394312,2471956,396.446,40.744,17.554,64.301,480.769,507402.0,1075348.0,2582564.0,6772.48,0.38,999814.0,1582750.0
COMUNIDAD DE MADRID,2010,197145571,6458684,30524.11,2108673,66879,4273,82497,160181,38083,5555,317,10253,293,52720,141179,0,16930,17379,2175552,529660,2705212,315494.5625,45077.0,16018.25,37761.875,380566.625,597170.8125,1022697.3125,2414786.4375,7411.54,0.42,794918.31,1619868.12
COMUNIDAD DE MADRID,2018,231133592,6578079,35136.94,1996857,27001,769,104923,121390,465,12049,1353,4070,104,95845,160183,0,17914,108,2023858,519173,2543031,396446.0,40744.0,17554.0,64301.0,480769.0,507402.0,1075348.0,2582564.0,6967.21,0.39,999814.0,1582750.0
COMUNIDAD DE MADRID,2011,198465261,6489680,30581.67,2062422,30682,10870,82662,136194,10171,9364,291,2157,287,51192,138062,509,37222,832,2093104,479813,2572917,316767.875,45005.0,16575.5,36633.25,386690.75,592119.375,1027165.375,2420957.125,7049.09,0.4,801672.38,1619284.75
COMUNIDAD FORAL DE NAVARRA,2011,17942160,642051,27945.07,180874,8984,6425,16190,25905,1043,12380,841,2629,62,25607,22398,698,7837,32,189858,122047,311905,68557.75,853.75,27186.0,31797.375,0.0,48469.75,92971.625,269836.25,854.53,0.49,128394.88,141441.38
COMUNIDAD FORAL DE NAVARRA,2010,17973969,636924,28219.96,185635,10709,1894,16168,30090,2512,4831,858,3626,118,27200,20135,2245,462,10661,196344,120800,317144,68356.125,836.625,25486.5,31916.3125,0.0,48120.125,93592.6875,268308.375,868.89,0.5,126595.56,141712.81
COMUNIDAD FORAL DE NAVARRA,2016,18747249,640647,29262.99,153238,12147,194,15959,26684,641,4135,2671,3936,120,49360,20542,0,28,0,165385,124270,289655,71.919,1.061,31.904,25.992,0.0,56.713,87.536,275.126,793.58,0.45,130.88,144.25
COMUNIDAD FORAL DE NAVARRA,2015,18145704,640476,28331.59,158723,2865,57,15871,26057,1589,3413,1235,1360,58,43156,20101,0,3,21780,161588,134680,296268,70574.0,1025.0,44181.0,30608.0,0.0,51966.0,86761.0,285115.0,811.69,0.46,146388.0,138727.0
COMUNIDAD FORAL DE NAVARRA,2013,17237767,644477,26746.91,170106,9686,1466,15521,24427,1551,5860,2121,2118,233,21375,18471,0,3,5564,179792,98710,278502,68961.0,888.0,30585.0,31559.5,0.0,49169.0,91729.5,272892.0,763.02,0.43,131993.5,140898.5
COMUNIDAD FORAL DE NAVARRA,2018,20047454,647554,30958.74,153346,20058,143,16777,27931,114,5051,3956,4696,128,38706,22389,0,674,60,173404,120625,294029,71919.0,1061.0,31904.0,25992.0,0.0,56713.0,87536.0,275126.0,805.56,0.45,130877.0,144249.0
COMUNIDAD FORAL DE NAVARRA,2017,19528873,643234,30360.45,156189,16568,75,16179,26211,648,4844,3231,4384,121,34191,21217,0,0,12,172757,111113,283870,69583.0,989.0,30865.0,33554.0,0.0,48947.0,88492.0,272430.0,777.73,0.44,134991.0,137439.0
COMUNIDAD FORAL DE NAVARRA,2014,17505255,640790,27318.24,161882,2950,57,16697,22981,1604,3446,1199,1130,48,22506,20298,0,3,21989,164832,111958,276790,67348.0,751.0,16989.0,32511.0,0.0,46372.0,96698.0,260669.0,758.33,0.43,117599.0,143070.0
COMUNIDAD FORAL DE NAVARRA,2012,17282206,644566,26812.16,174865,9262,1331,15684,24427,8484,5532,1258,2273,73,20858,17886,508,7296,40,184127,105650,289777,68154.5,819.5,23787.0,32035.25,0.0,47770.5,94213.75,266780.5,793.91,0.45,124796.25,141984.25
COMUNITAT VALENCIANA,2011,99706759,5117190,19484.67,1805042,91753,842,74444,66658,16978,5800,146,328,59,70792,41815,1852,44919,365,1896795,324998,2221793,262062.125,110005.0,0.0,632230.875,3718.5,1161034.0,385.0,2169435.5,6087.1,0.43,1008016.5,1161419.0
COMUNITAT VALENCIANA,2017,107785815,4941509,21812.33,2014008,70823,1341,82770,60081,481,17071,4999,2331,98,64083,44216,0,72359,88,2084831,349918,2434749,273613.0,117653.0,0.0,845290.0,2795.0,1137355.0,0.0,2376705.0,6670.55,0.49,1239350.0,1137355.0
COMUNITAT VALENCIANA,2016,103228580,4959968,20812.35,1855269,82055,763,82254,62387,639,5201,4988,1617,77,35000,43424,0,36085,14,1937324,272449,2209773,279.764,128.774,0.0,822.011,0.0,1200792.0,0.0,2431341.0,6054.17,0.45,1230549.0,1200792.0
COMUNITAT VALENCIANA,2015,100110751,4980689,20099.78,1865704,44483,2119,80869,54032,1889,2810,4556,4396,83,39696,42150,0,38457,6135,1910187,277192,2187379,277859.0,106560.0,0.0,558239.0,9916.0,1238984.0,0.0,2191558.0,5992.82,0.44,952574.0,1238984.0
COMUNITAT VALENCIANA,2013,94309154,5113815,18442.03,1798999,28634,1663,80869,54032,1687,11331,963,1214,2564,52175,39796,0,65539,2142,1827633,313975,2141608,265221.5,109316.0,0.0,617432.5,4958.0,1176624.0,308.0,2173860.0,5867.42,0.42,996928.0,1176932.0
COMUNITAT VALENCIANA,2012,95177430,5129266,18555.76,1811419,45969,1533,79540,60294,6270,6967,1164,1881,78,70675,40158,0,21457,1557,1857388,291574,2148962,258902.75,110694.0,0.0,647029.25,2479.0,1145444.0,462.0,2165011.0,5887.57,0.42,1019105.0,1145906.0
COMUNITAT VALENCIANA,2018,111793978,4963703,22522.29,2050369,100906,2052,85018,70106,1761,17433,7237,3212,123,74512,52925,0,78893,327,2151275,393599,2544874,279764.0,128774.0,0.0,822011.0,0.0,1200792.0,0.0,2431341.0,6972.26,0.51,1230549.0,1200792.0
COMUNITAT VALENCIANA,2010,101201463,5111706,19797.98,1869060,59550,3290,77146,75158,26006,9244,291,1192,652,88836,41120,949,47837,4484,1928610,376205,2304815,260482.4375,110349.5,0.0,639630.0625,3098.75,1153239.0,423.5,2167223.25,6314.56,0.45,1013560.75,1153662.5
COMUNITAT VALENCIANA,2014,96320641,5004844,19245.48,1843503,44376,2139,79025,57928,1907,2837,4421,3652,69,41173,40546,0,38826,6194,1887879,278717,2166596,252584.0,112072.0,0.0,676626.0,0.0,1114264.0,616.0,2156162.0,5935.88,0.43,1041282.0,1114880.0
EXTREMADURA,2013,17057479,1104004,15450.56,391583,3695,39,8676,34437,2,151,155,182,13,0,10418,0,274,23,395278,54370,449648,72934.0,15117.5,0.0,107601.5,0.0,275248.0,11143.5,482044.5,1231.91,0.41,195653.0,286391.5
EXTREMADURA,2016,18504343,1087778,17011.14,398673,17444,3836,9559,34629,4,231,93,259,12,0,11320,0,10006,0,416117,69949,486066,70.385,14.238,0.0,145.852,0.0,250727.0,22502.0,503704.0,1331.69,0.45,230475.0,273229.0
EXTREMADURA,2018,20088238,1072863,18723.95,425445,23809,123,8231,36522,0,304,368,263,10,0,13102,0,633,6,449254,59562,508816,70385.0,14238.0,0.0,145852.0,0.0,250727.0,22502.0,503704.0,1394.02,0.47,230475.0,273229.0
EXTREMADURA,2011,17738058,1109367,15989.35,450878,6465,157,7501,16286,646,2033,81,267,35,0,10129,0,3527,17,457343,40679,498022,72772.75,15139.625,0.0,106799.125,0.0,273861.5,13929.375,482502.375,1364.44,0.45,194711.5,287790.88
EXTREMADURA,2017,19534814,1079920,18089.13,425308,13280,199,7943,31576,0,221,66,116,9,0,11776,0,9972,4,438588,61882,500470,66513.0,14800.0,0.0,121845.0,0.0,258471.0,38385.0,500013.0,1371.15,0.46,203157.0,296856.0
EXTREMADURA,2010,18135329,1107220,16379.16,491529,16706,1220,8570,32753,4416,0,3,271,42,0,10320,0,0,6,508235,57601,565836,72692.125,15150.6875,0.0,106397.9375,0.0,273168.25,15322.3125,482731.3125,1550.24,0.51,194240.75,288490.56
EXTREMADURA,2012,17065094,1108130,15399.9,428571,5628,96,7439,32580,1074,144,57,216,32,0,9985,0,1444,29,434199,53096,487295,72611.5,15161.75,0.0,105996.75,0.0,272475.0,16715.25,482960.25,1335.05,0.44,193770.0,289190.25
EXTREMADURA,2015,17902594,1092997,16379.36,405565,4207,2561,8003,40151,13,0,115,214,21,0,10798,0,25929,421,409772,88226,497998,73579.0,15029.0,0.0,110811.0,0.0,280794.0,0.0,480213.0,1364.38,0.46,199419.0,280794.0
EXTREMADURA,2014,17024183,1099632,15481.71,404418,4236,2585,7156,39097,13,0,124,178,17,0,10604,0,26178,425,408654,86377,495031,72289.0,15206.0,0.0,104392.0,0.0,269702.0,22287.0,483876.0,1356.25,0.45,191887.0,291989.0
GALICIA,2017,60394810,2708339,22299.58,938191,12507,652,43307,33262,1324,4590,81,6736,72,47276,23194,0,7754,53,950698,168301,1118999,130046.0,23518.0,8246.0,54873.0,549447.0,151123.0,216457.0,1133711.0,3065.75,0.41,766131.0,367580.0
GALICIA,2014,54190333,2748695,19714.93,923724,14984,2778,39045,31674,26958,11375,205,7249,66,45929,22255,0,12619,339,938708,200492,1139200,118237.0,27842.0,8830.0,57645.0,546732.0,153728.0,189411.0,1102425.0,3121.1,0.41,759286.0,343139.0
GALICIA,2012,53971849,2781498,19403.88,930930,9232,790,36465,34556,4281,4289,461,3236,86,51994,21437,28,8448,1373,940162,167444,1107606,121482.75,28010.5,8648.25,56980.5,543173.25,153301.25,196750.0,1108346.25,3034.54,0.4,758295.0,350051.25
GALICIA,2013,53925394,2765940,19496.23,906675,8990,1099,38058,31619,10384,5235,150,3358,297,43208,21853,0,9369,2504,915665,167134,1082799,124728.5,28179.0,8466.5,56316.0,539614.5,152874.5,204089.0,1114267.5,2966.57,0.39,757304.0,356963.5
GALICIA,2016,58279948,2718525,21438.08,933618,12217,663,41253,34402,1100,2150,114,5089,324,45756,22893,0,6996,4029,945835,164769,1110604,133.513,30.02,7.482,54.458,533.699,175722.0,209868.0,1144762.0,3042.75,0.41,759172.0,385590.0
GALICIA,2018,62436133,2701743,23109.58,940395,13508,1250,45757,37457,813,7195,396,7460,38,52319,25930,0,5652,75,953903,184342,1138245,133513.0,30020.0,7482.0,54458.0,533699.0,175722.0,209868.0,1144762.0,3118.48,0.42,759172.0,385590.0
GALICIA,2015,56666599,2732347,20739.17,925608,14872,2751,39743,32591,26702,11267,227,8726,79,45501,22123,0,12499,336,940480,202545,1143025,131220.0,28516.0,8103.0,54987.0,532497.0,152021.0,218767.0,1126110.0,3131.58,0.42,755322.0,370788.0
GALICIA,2011,55767991,2795422,19949.76,983351,21650,537,36359,38163,2152,4956,300,6351,73,52015,22186,41,10122,271,1005001,173526,1178527,123105.625,28094.75,8557.375,56648.25,541393.875,153087.875,200419.5,1111306.875,3228.84,0.42,757799.5,353507.38
GALICIA,2010,56767263,2797653,20291.03,1002349,23130,884,39096,46567,7219,6561,415,784,90,55537,22144,21,6731,6305,1025479,192354,1217833,122294.1875,28052.625,8602.8125,56814.375,542283.5625,153194.5625,198584.75,1109826.5625,3336.53,0.44,758047.25,351779.31
ILLES BALEARS ,2017,31383376,1115999,28121.33,665699,20453,775,38640,45630,3,4993,860,2218,28,42829,31911,0,14417,19,686152,182323,868475,143799.0,48.0,29992.0,16179.0,499431.0,39216.0,140144.0,868808.0,2379.38,0.78,689448.0,179360.0
ILLES BALEARS ,2015,28245574,1104479,25573.66,740768,25968,259,31759,40223,359,140,198,1412,14,32961,18842,0,11049,523,766736,137739,904475,125820.0,259.0,25542.0,31324.0,535595.0,15588.0,131818.0,865946.0,2478.01,0.82,718540.0,147406.0
ILLES BALEARS ,2012,25979358,1119439,23207.48,656391,3408,153,29039,38865,4038,2596,53,831,2,22447,23867,0,1968,32,659799,123891,783690,110635.5,213.25,24697.5,21751.0,474395.75,23703.75,114901.75,770298.5,2147.1,0.7,631693.0,138605.5
ILLES BALEARS ,2013,25931407,1111674,23326.45,580790,26407,137,29324,38238,0,63,42,253,10,39566,13960,0,80620,34,607197,202247,809444,115697.0,228.5,24979.0,24942.0,494795.5,20998.5,120540.5,802181.0,2217.65,0.73,660642.0,141539.0
ILLES BALEARS ,2016,29831313,1107220,26942.53,690919,7845,569,36051,43425,21,307,2493,1244,0,36739,20774,0,4901,840,698764,147364,846128,153.149,1.938,36.774,16.69,505.886,37932.0,143927.0,896296.0,2318.16,0.76,714437.0,181859.0
ILLES BALEARS ,2010,26535097,1106049,23990.89,686634,10298,270,21097,24606,2245,129,25,501,59,36670,14427,1572,511,7298,696932,109410,806342,111900.875,217.0625,24767.875,22548.75,479495.6875,23027.4375,116311.4375,778269.125,2209.16,0.73,638930.25,139338.88
ILLES BALEARS ,2018,32767619,1128908,29025.94,672375,65140,7982,40752,54341,407,2752,742,5105,19,54262,35189,0,19402,19,737515,220972,958487,153149.0,1938.0,36774.0,16690.0,505886.0,37932.0,143927.0,896296.0,2625.99,0.85,714437.0,181859.0
ILLES BALEARS ,2011,26398144,1113114,23715.58,728073,11405,500,22298,25162,1935,2387,39,124,1,31026,23696,0,2432,18,739478,109618,849096,113166.25,220.875,24838.25,23346.5,484595.625,22351.125,117721.125,786239.75,2326.29,0.76,646167.5,140072.25
ILLES BALEARS ,2014,26769837,1103442,24260.3,592710,20977,261,31628,39564,362,142,191,1173,11,30772,14643,0,11155,528,613687,130430,744117,105574.0,198.0,24416.0,18560.0,453996.0,26409.0,109263.0,738416.0,2038.68,0.67,602744.0,135672.0
LA RIOJA ,2010,7977333,322415,24742.44,111409,1276,0,6496,9187,0,1153,11,266,7,0,4717,0,0,1,112685,21838,134523,26159.3125,5298.125,0.0,38437.625,0.0,63157.5,0.0,133052.5625,368.56,0.42,69895.06,63157.5
LA RIOJA ,2017,8295191,315381,26302.13,106943,1592,74,8570,7971,43,181,12,223,16,0,4989,0,103,6,108535,22188,130723,28676.0,4606.0,0.0,27284.0,0.0,77184.0,0.0,137748.0,358.15,0.41,60564.0,77184.0
LA RIOJA ,2018,8593185,315675,27221.62,107923,3193,1,8923,8150,1,71,10,178,16,0,5507,0,144,4,111116,23005,134121,27969.0,4537.0,0.0,31081.0,0.0,74533.0,0.0,138120.0,367.45,0.42,63587.0,74533.0
LA RIOJA ,2014,7685969,319002,24093.8,104691,846,26,6737,7409,9,631,169,56,13,0,4659,0,39,10,105537,19758,125295,24629.0,5225.0,0.0,39857.0,0.0,61255.0,0.0,130966.0,343.27,0.39,69711.0,61255.0
LA RIOJA ,2013,7539145,322027,23411.53,103026,8702,2,5929,7537,2,3,2,34,2,0,4705,0,20,1,111728,18237,129965,27077.5,5342.0,0.0,37586.0,0.0,64299.0,0.0,134304.5,356.07,0.4,70005.5,64299.0
LA RIOJA ,2012,7636210,323609,23597.03,104789,1040,28,5868,7919,9,91,7,73,5,0,4708,0,47,18,105829,18773,124602,25853.25,5283.5,0.0,38721.5,0.0,62777.0,0.0,132635.25,341.38,0.39,69858.25,62777.0
LA RIOJA ,2016,8014694,315794,25379.5,106233,1529,80,8784,7991,7,82,8,213,11,0,4780,0,8360,7,107762,30323,138085,27.969,4.537,0.0,31.081,0.0,74533.0,0.0,13812.0,378.32,0.44,-60721.0,74533.0
LA RIOJA ,2015,7962438,317053,25113.9,105254,842,26,7532,7605,9,625,198,68,15,0,4688,0,39,10,106096,20815,126911,29526.0,5459.0,0.0,35315.0,0.0,67343.0,0.0,137643.0,347.7,0.4,70300.0,67343.0
LA RIOJA ,2011,7907440,322955,24484.65,109774,741,0,5939,8584,0,0,0,0,0,0,4760,0,0,0,110515,19283,129798,26465.375,5312.75,0.0,38153.75,0.0,63538.0,0.0,133469.875,355.61,0.4,69931.88,63538.0
PAÍS VASCO,2013,61625767,2191682,28118.02,779441,22008,929,54402,130614,1062,33587,6278,15067,164,25286,33942,0,41650,2152,801449,345133,1146582,285926.0,16878.0,10323.0,40974.0,249670.0,87493.5,220660.0,911924.5,3141.32,0.52,603771.0,308153.5
PAÍS VASCO,2012,62558828,2193093,28525.39,769912,10149,1428,54038,124278,5118,21097,4849,5429,175,22319,32028,80,45125,2867,780061,318831,1098892,279151.0,19583.5,8395.5,34167.5,243831.0,84369.25,214677.0,884174.75,3010.66,0.5,585128.5,299046.25
PAÍS VASCO,2018,72029560,2199088,32754.29,609079,25268,1065,61700,147679,2255,36885,5223,3746,142,64337,47662,0,35532,22,634347,406248,1040595,313910.0,13512.0,58416.0,58327.0,260250.99999999997,173229.0,126890.0,1004534.0,2850.95,0.47,704415.0,300119.0
PAÍS VASCO,2014,62677248,2188985,28633.02,564187,7293,435,56119,122104,1411,10015,12068,3968,91,6888,36020,0,22623,3459,571480,275201,846681,272376.0,22289.0,6468.0,27361.0,237992.0,81245.0,208694.0,856425.0,2319.67,0.39,566486.0,289939.0
PAÍS VASCO,2017,69657915,2194158,31746.99,550836,20175,1476,59903,139386,2325,37757,10814,7290,174,19882,43283,0,36071,66,571011,358427,929438,313046.0,8959.0,19641.0,39183.0,272237.0,83766.0,163014.0,899847.0,2546.41,0.42,653067.0,246780.0
PAÍS VASCO,2016,67126912,2189534,30658.08,640017,30764,1367,59178,128576,3207,32652,10916,5190,139,14988,39679,0,20334,216,670781,316442,987223,313.91,13.512,58.416,58.327,260.251,173.229,126.89,1004534.0,2704.72,0.45,1004233.88,300.12
PAÍS VASCO,2015,64989988,2189257,29685.87,659754,8447,430,58948,117879,1398,9920,11907,4776,109,8509,38244,0,22408,3426,668201,277954,946155,299476.0,11467.0,14178.0,54587.0,261348.0,93742.0,232626.0,967424.0,2592.21,0.43,641056.0,326368.0
PAÍS VASCO,2011,64130843,2184606,29355.79,680888,11062,1457,54202,165214,6164,25947,1349,2056,149,17323,30848,0,51217,883,691950,356809,1048759,282538.5,18230.75,9359.25,37570.75,246750.5,85931.375,217668.5,898049.625,2873.31,0.48,594449.75,303599.88
PAÍS VASCO,2010,64680368,2178339,29692.52,694220,24083,2402,54075,169542,7922,22625,1097,2092,157,16071,31046,668,42783,7270,718303,357750,1076053,280844.75,18907.125,8877.375,35869.125,245290.75,85150.3125,216172.75,891112.1875,2948.09,0.49,589789.12,301323.06
PRINCIPADO DE ASTURIAS,2016,21694246,1042608,20807.67,395702,2222,563,37945,62374,473,4004,0,708,8,13728,10867,0,9315,36,397924,140021,537945,83.728,0.0,2.481,0.0,0.0,4908.0,390873.0,48199.0,1473.82,0.52,-347582.0,395781.0
PRINCIPADO DE ASTURIAS,2012,21364846,1077360,19830.74,397887,5563,999,33534,55682,864,1826,136,939,74,6287,10016,0,20357,1105,403450,131819,535269,122629.25,0.0,15969.75,0.0,0.0,4353.0,383264.5,526216.0,1466.49,0.5,138598.5,387617.5
PRINCIPADO DE ASTURIAS,2015,21372587,1051229,20331.05,388188,15971,750,33197,56253,953,3561,579,2296,21,7284,10476,0,22320,434,404159,138124,542283,145502.0,0.0,12009.0,0.0,0.0,4287.0,397120.0,558919.0,1485.71,0.52,157512.0,401407.0
PRINCIPADO DE ASTURIAS,2018,23258673,1028244,22619.8,388505,15404,813,16425,41766,943,3534,1234,2260,21,4879,12696,0,12409,44,403909,97024,500933,83728.0,0.0,2481.0,0.0,0.0,4908.0,390873.0,481990.0,1372.42,0.49,86209.0,395781.0
PRINCIPADO DE ASTURIAS,2017,22592548,1034960,21829.39,384797,8016,827,32131,53924,537,3176,882,1505,11,18226,11443,0,16007,29,392813,138698,531511,124207.0,0.0,15582.0,0.0,0.0,5366.0,386960.0,532115.0,1456.19,0.51,139789.0,392326.0
PRINCIPADO DE ASTURIAS,2014,20652899,1061756,19451.64,378646,15728,757,32687,49754,962,3595,504,1907,17,7365,9984,0,22534,438,394374,130504,524878,115005.0,0.0,17290.0,0.0,0.0,4375.0,378646.0,515315.0,1438.02,0.49,132294.0,383021.0
PRINCIPADO DE ASTURIAS,2010,22733586,1084341,20965.35,444310,6488,584,31626,93158,339,56,0,1679,202,7767,10284,0,19839,1375,450798,166909,617707,124535.3125,0.0,15639.6875,0.0,0.0,4347.5,384419.125,528941.25,1692.35,0.57,140174.62,388766.62
PRINCIPADO DE ASTURIAS,2011,22375426,1081487,20689.5,429491,5301,439,33763,67252,69,61,0,933,79,18626,10332,0,10217,827,434792,142598,577390,126441.375,0.0,15309.625,0.0,0.0,4342.0,385573.75,531666.5,1581.89,0.53,141750.75,389915.75
PRINCIPADO DE ASTURIAS,2013,20746770,1068165,19422.81,379965,9605,541,32817,58682,679,1942,106,787,6,7895,9944,0,16924,339,389570,130662,520232,130253.5,0.0,14649.5,0.0,0.0,4331.0,387883.0,537117.0,1425.29,0.49,144903.0,392214.0
REGIÓN DE MURCIA,2013,26566278,1472049,18047.14,606321,3814,190,22132,7474,106,741,215,372,108,4671,12401,0,1793,2887,610135,53090,663225,69800.5,17241.5,1751.5,115894.5,862.5,471407.0,11464.5,688422.0,1817.05,0.45,205550.5,482871.5
REGIÓN DE MURCIA,2018,31198376,1478509,21101.24,639712,7768,316,26263,20879,133,2129,560,1311,40,9046,18170,0,3612,15,647480,82474,729954,82964.0,26423.0,0.0,125286.0,0.0,484148.0,23251.0,742072.0,1999.87,0.49,234673.0,507399.0
REGIÓN DE MURCIA,2016,29369879,1464847,20049.79,613940,10283,242,24485,17864,1512,859,564,965,95,5177,14860,0,2587,81,624223,69291,693514,82.964,26.423,0.0,125.286,0.0,484148.0,23251.0,742072.0,1900.04,0.47,234673.0,507399.0
REGIÓN DE MURCIA,2017,30538493,1470273,20770.63,640121,13814,240,24809,18764,694,1427,574,1688,61,4812,16144,0,1849,12,653935,71074,725009,81408.0,19962.0,0.0,141790.0,0.0,492496.0,0.0,735655.0,1986.33,0.49,243159.0,492496.0
REGIÓN DE MURCIA,2012,26508820,1474449,17978.8,579368,3488,263,22590,8430,1512,560,328,564,120,7402,15688,4,2142,123,582856,59726,642582,65812.75,15186.75,875.75,107281.75,431.25,478552.0,11066.75,679206.5,1760.5,0.44,189587.75,489618.75
REGIÓN DE MURCIA,2014,26712051,1466818,18210.88,596188,11546,196,21991,12864,172,801,142,1971,606,4788,12795,0,12079,754,607734,69159,676893,61825.0,13132.0,0.0,98669.0,0.0,485697.0,10669.0,669991.0,1854.5,0.46,173625.0,496366.0
REGIÓN DE MURCIA,2010,27912742,1461979,19092.44,711540,15924,817,74000,22561,4404,871,46,1752,218,52953,13236,1,472,8708,727464,180039,907503,66809.6875,15700.4375,1094.6875,109434.9375,539.0625,476765.75,11166.1875,681510.375,2486.31,0.62,193578.44,487931.94
REGIÓN DE MURCIA,2015,28492083,1467288,19418.19,589409,11306,194,23450,13814,170,793,144,2373,730,11503,13466,0,11965,747,600715,79349,680064,77776.0,21351.0,3503.0,133120.0,1725.0,457117.0,12260.0,706853.0,1863.19,0.46,237476.0,469377.0
REGIÓN DE MURCIA,2011,27236069,1470069,18527.07,577721,1694,3275,18755,18849,2281,1206,421,2020,133,2312,13506,0,3496,675,579415,66929,646344,67806.625,16214.125,1313.625,111588.125,646.875,474979.5,11265.625,683814.25,1770.81,0.44,197569.12,486245.12
